{
    "2": {
        "result": [
            1.0,
            1.0,
            2.0,
            1.0,
            2.0,
            1.0,
            2.0,
            2.0,
            1.0,
            1.0
        ],
        "times": [
            0.015624046325683594,
            0.015625476837158203,
            0.031248092651367188,
            0.02214217185974121,
            0.015644073486328125,
            0.015626907348632812,
            0.031248092651367188,
            0.015625,
            0.022144794464111328,
            0.015644550323486328
        ],
        "exact-result": [
            1,
            1,
            2,
            1,
            2,
            1,
            2,
            2,
            1,
            1
        ]
    },
    "4": {
        "result": [
            2.0,
            3.0,
            3.0,
            3.0,
            2.0,
            2.0,
            2.0,
            2.0,
            2.0,
            2.0
        ],
        "times": [
            0.056259870529174805,
            0.027203083038330078,
            0.04689455032348633,
            0.04799914360046387,
            0.03658413887023926,
            0.04864931106567383,
            0.04329419136047363,
            0.040334224700927734,
            0.04173421859741211,
            0.05984759330749512
        ],
        "exact-result": [
            2,
            3,
            3,
            3,
            2,
            2,
            2,
            2,
            2,
            2
        ]
    },
    "6": {
        "result": [
            3.0,
            3.0,
            3.0,
            3.0,
            3.0,
            3.0,
            3.0,
            3.0,
            2.0,
            3.0
        ],
        "times": [
            0.08064937591552734,
            0.08108186721801758,
            0.07326221466064453,
            0.07102370262145996,
            0.0716853141784668,
            0.07084989547729492,
            0.0798192024230957,
            0.07199311256408691,
            0.07700061798095703,
            0.07252883911132812
        ],
        "exact-result": [
            3,
            3,
            3,
            3,
            3,
            3,
            3,
            3,
            2,
            3
        ]
    },
    "8": {
        "result": [
            3.0,
            3.0,
            5.0,
            4.0,
            3.0,
            5.0,
            3.0,
            3.0,
            3.0,
            4.0
        ],
        "times": [
            0.10464596748352051,
            0.10120344161987305,
            0.10582661628723145,
            0.10469293594360352,
            0.10691237449645996,
            0.0970005989074707,
            0.10711503028869629,
            0.10499978065490723,
            0.10055661201477051,
            0.10335373878479004
        ],
        "exact-result": [
            3,
            3,
            5,
            4,
            3,
            5,
            3,
            3,
            3,
            4
        ]
    },
    "settings": {
        "_NB_INSTANCES_PER_SIZE": 10,
        "_SIZE_RANGE": [
            2,
            4,
            6,
            8
        ],
        "FILE_NAME": "example.json",
        "INCLUDE_EXACT_RESULTS": true,
        "PROBLEM_TYPE": "max-clique",
        "TIMEOUT": 60,
        "SOLVER": "Simulated_Annealing",
        "SEED": 49430557,
        "NUM_READS": 1024,
        "PROVIDER": null,
        "BACKEND": null
    }
}